trials.thisTrialN,trials.stepSize,trials.intensity,thisRow.t,notes,piloting,Instructions.started,text.started,key_resp_2.started,Instructions.stopped,key_resp_2.keys,key_resp_2.rt,key_resp_2.duration,trial.started,Fixation.started,Fixation.stopped,grating.started,key_resp.started,grating.stopped,trial.stopped,corrAns,tilt,key_resp.corr,trials.response,key_resp.rt,thank_you.started,text_2.started,text_2.stopped,thank_you.stopped,participant,session,date,expName,expVersion,psychopyVersion,frameRate,expStart,
,,,,,False,0.020010541658848524,0.03661158331669867,0.03661158331669867,7.4270471666241065,space,7.375297291669995,None,,,,,,,,,,,,,,,,,sc1,001,2026-09-09_01h17.37.730,staircase task,,2026.2.3,59.76122402705075,2026-09-09 01h17.37.783528 +0530,
0,2,10,7.436177541618235,,,,,,,,,,7.4273272916907445,7.436177541618235,8.002882416709326,8.002882416709326,8.002882416709326,8.303492874954827,9.08767695829738,left,-10,1,1,1.0831352500244975,,,,,sc1,001,2026-09-09_01h17.37.730,staircase task,,2026.2.3,59.76122402705075,2026-09-09 01h17.37.783528 +0530,
1,2,8,9.104577958351001,,,,,,,,,,9.087727958336473,9.104577958351001,9.62016341672279,9.586716916644946,9.586716916644946,9.887244874960743,10.070821208297275,left,-8,1,1,0.47211891668848693,,,,,sc1,001,2026-09-09_01h17.37.730,staircase task,,2026.2.3,59.76122402705075,2026-09-09 01h17.37.783528 +0530,
2,2,6,10.087256749975495,,,,,,,,,,10.0708659166703,10.087256749975495,10.587343999999575,10.570523291709833,10.570523291709833,10.870694666635245,11.086919000023045,right,6,1,1,0.5143143334425986,,,,,sc1,001,2026-09-09_01h17.37.730,staircase task,,2026.2.3,59.76122402705075,2026-09-09 01h17.37.783528 +0530,
3,2,4,11.102692166692577,,,,,,,,,,11.086976374965161,11.102692166692577,11.604093041620217,11.587305666645989,11.587305666645989,11.887391708325595,12.104311291710474,right,4,1,1,0.5125084583414719,,,,,sc1,001,2026-09-09_01h17.37.730,staircase task,,2026.2.3,59.76122402705075,2026-09-09 01h17.37.783528 +0530,
4,2,2,12.120620999950916,,,,,,,,,,12.104353458387777,12.120620999950916,12.620606833370402,12.603951208293438,12.603951208293438,12.903897958341986,13.087478541652672,left,-2,1,1,0.4688449166715145,,,,,sc1,001,2026-09-09_01h17.37.730,staircase task,,2026.2.3,59.76122402705075,2026-09-09 01h17.37.783528 +0530,
5,2,1,13.103953333338723,,,,,,,,,,13.087513083359227,13.103953333338723,13.60382637497969,13.587218125001527,13.587218125001527,13.887227041646838,14.253551500034519,left,-1,1,1,0.6505215000361204,,,,,sc1,001,2026-09-09_01h17.37.730,staircase task,,2026.2.3,59.76122402705075,2026-09-09 01h17.37.783528 +0530,
6,1,1,14.270557708339766,,,,,,,,,,14.253585124970414,14.270557708339766,14.770765958353877,14.753938250010833,14.753938250010833,15.05405366665218,15.170775041682646,left,-1,0,0,0.405818666680716,,,,,sc1,001,2026-09-09_01h17.37.730,staircase task,,2026.2.3,59.76122402705075,2026-09-09 01h17.37.783528 +0530,
7,1,2,15.187341541633941,,,,,,,,,,15.170802125008777,15.187341541633941,15.68732995830942,15.670711166691035,15.670711166691035,15.970674166688696,16.070735750021413,right,2,0,0,0.3899996666004881,,,,,sc1,001,2026-09-09_01h17.37.730,staircase task,,2026.2.3,59.76122402705075,2026-09-09 01h17.37.783528 +0530,
8,1,3,16.08731695835013,,,,,,,,,,16.070762916700915,16.08731695835013,16.587330000009388,16.570543541689403,16.570543541689403,16.87066458328627,17.270235833362676,right,3,1,1,0.6921605416573584,,,,,sc1,001,2026-09-09_01h17.37.730,staircase task,,2026.2.3,59.76122402705075,2026-09-09 01h17.37.783528 +0530,
9,1,3,17.28640929167159,,,,,,,,,,17.27026354172267,17.28640929167159,17.78723645838909,17.770595041685738,17.770595041685738,18.070531916688196,18.337539625004865,right,3,1,1,0.5620905417017639,,,,,sc1,001,2026-09-09_01h17.37.730,staircase task,,2026.2.3,59.76122402705075,2026-09-09 01h17.37.783528 +0530,
10,1,3,18.354076708317734,,,,,,,,,,18.337561708292924,18.354076708317734,18.853731708368286,18.837061624974012,18.837061624974012,19.13731587503571,19.28650929161813,left,-3,0,0,0.44458991661667824,,,,,sc1,001,2026-09-09_01h17.37.730,staircase task,,2026.2.3,59.76122402705075,2026-09-09 01h17.37.783528 +0530,
11,1,4,19.303899875027128,,,,,,,,,,19.286551958299242,19.303899875027128,19.80383191665169,19.787243291619234,19.787243291619234,20.08733245835174,20.403986166696995,right,4,1,1,0.6164222500519827,,,,,sc1,001,2026-09-09_01h17.37.730,staircase task,,2026.2.3,59.76122402705075,2026-09-09 01h17.37.783528 +0530,
12,1,4,20.419865833362564,,,,,,,,,,20.404015874955803,20.419865833362564,20.92067899997346,20.92067899997346,20.92067899997346,21.21947679168079,21.486441749962978,left,-4,1,1,0.5559084166307002,,,,,sc1,001,2026-09-09_01h17.37.730,staircase task,,2026.2.3,59.76122402705075,2026-09-09 01h17.37.783528 +0530,
13,1,4,21.503638499998488,,,,,,,,,,21.48650808329694,21.503638499998488,22.00406245829072,21.98726270836778,21.98726270836778,22.303998083341867,22.519861541688442,right,4,1,1,0.526327749947086,,,,,sc1,001,2026-09-09_01h17.37.730,staircase task,,2026.2.3,59.76122402705075,2026-09-09 01h17.37.783528 +0530,
14,1,3,22.537246291642077,,,,,,,,,,22.519897416699678,22.537246291642077,23.03720195835922,23.020589083316736,23.020589083316736,23.32069033337757,23.720719458302483,right,3,1,1,0.6959829999832436,,,,,sc1,001,2026-09-09_01h17.37.730,staircase task,,2026.2.3,59.76122402705075,2026-09-09 01h17.37.783528 +0530,
15,1,3,23.7373399999924,,,,,,,,,,23.720746708335355,23.7373399999924,24.23724458331708,24.220470499945804,24.220470499945804,24.520557416719384,24.52073608338833,left,-3,1,1,0.2890833333367482,,,,,sc1,001,2026-09-09_01h17.37.730,staircase task,,2026.2.3,59.76122402705075,2026-09-09 01h17.37.783528 +0530,
16,0.5,3,24.537199833313935,,,,,,,,,,24.52075899997726,24.537199833313935,25.037169416667894,25.020550125045702,25.020550125045702,25.32068445836194,25.43757054163143,left,-3,0,0,0.40324887493625283,,,,,sc1,001,2026-09-09_01h17.37.730,staircase task,,2026.2.3,59.76122402705075,2026-09-09 01h17.37.783528 +0530,
17,0.5,3.5,25.45401841669809,,,,,,,,,,25.43759295833297,25.45401841669809,25.954026541672647,25.937412249972112,25.937412249972112,26.23731062503066,26.437519583385438,left,-3.5,0,0,0.4971058750525117,,,,,sc1,001,2026-09-09_01h17.37.730,staircase task,,2026.2.3,59.76122402705075,2026-09-09 01h17.37.783528 +0530,
18,0.5,4.0,26.45328287500888,,,,,,,,,,26.437541875056922,26.45328287500888,26.95385808334686,26.937233291682787,26.937233291682787,27.237177624949254,27.354052374954335,left,-4.0,1,1,0.41026016674004495,,,,,sc1,001,2026-09-09_01h17.37.730,staircase task,,2026.2.3,59.76122402705075,2026-09-09 01h17.37.783528 +0530,
19,0.5,4.0,27.370509208296426,,,,,,,,,,27.354078458389267,27.370509208296426,27.870536333299242,27.853840416646563,27.853840416646563,28.153954041656107,28.370318625005893,right,4.0,1,1,0.5106299166800454,,,,,sc1,001,2026-09-09_01h17.37.730,staircase task,,2026.2.3,59.76122402705075,2026-09-09 01h17.37.783528 +0530,
20,0.5,4.0,28.38668650004547,,,,,,,,,,28.370339708286338,28.38668650004547,28.887361124972813,28.87057870835997,28.87057870835997,29.170706208329648,29.65424666670151,right,4.0,1,1,0.7819702916312963,,,,,sc1,001,2026-09-09_01h17.37.730,staircase task,,2026.2.3,59.76122402705075,2026-09-09 01h17.37.783528 +0530,
21,0.5,3.5,29.669979833299294,,,,,,,,,,29.654279749956913,29.669979833299294,30.170557666686364,30.153942291624844,30.153942291624844,30.45389562495984,30.737424833350815,right,3.5,1,1,0.5805825416464359,,,,,sc1,001,2026-09-09_01h17.37.730,staircase task,,2026.2.3,59.76122402705075,2026-09-09 01h17.37.783528 +0530,
22,0.5,3.5,30.753187458380125,,,,,,,,,,30.737448874977417,30.753187458380125,31.253187375026755,31.23633004166186,31.23633004166186,31.53727049997542,31.870762833277695,left,-3.5,1,1,0.6210647915722802,,,,,sc1,001,2026-09-09_01h17.37.730,staircase task,,2026.2.3,59.76122402705075,2026-09-09 01h17.37.783528 +0530,
23,0.5,3.5,31.887233416666277,,,,,,,,,,31.870805041631684,31.887233416666277,32.38720620831009,32.37061066669412,32.37061066669412,32.67073187499773,33.13744600000791,right,3.5,1,1,0.7547457499895245,,,,,sc1,001,2026-09-09_01h17.37.730,staircase task,,2026.2.3,59.76122402705075,2026-09-09 01h17.37.783528 +0530,
24,0.5,3.0,33.153831541654654,,,,,,,,,,33.13747770828195,33.153831541654654,33.653959374991246,33.637205875013024,33.637205875013024,33.93730999995023,34.220743666635826,right,3.0,1,1,0.5791373749962077,,,,,sc1,001,2026-09-09_01h17.37.730,staircase task,,2026.2.3,59.76122402705075,2026-09-09 01h17.37.783528 +0530,
25,0.5,3.0,34.237166375038214,,,,,,,,,,34.22076916671358,34.237166375038214,34.73718675004784,34.720562208327465,34.720562208327465,35.020463791675866,35.67086616670713,left,-3.0,0,0,0.9457447082968429,,,,,sc1,001,2026-09-09_01h17.37.730,staircase task,,2026.2.3,59.76122402705075,2026-09-09 01h17.37.783528 +0530,
26,0.5,3.5,35.687190083321184,,,,,,,,,,35.670912583358586,35.687190083321184,36.18733395833988,36.17055179167073,36.17055179167073,36.47065333335195,36.72078012500424,right,3.5,1,1,0.5347382084000856,,,,,sc1,001,2026-09-09_01h17.37.730,staircase task,,2026.2.3,59.76122402705075,2026-09-09 01h17.37.783528 +0530,
27,0.5,3.5,36.73735299997497,,,,,,,,,,36.72080883337185,36.73735299997497,37.237228250014596,37.22050283337012,37.22050283337012,37.520614833338186,37.83742258336861,left,-3.5,1,1,0.6137749999761581,,,,,sc1,001,2026-09-09_01h17.37.730,staircase task,,2026.2.3,59.76122402705075,2026-09-09 01h17.37.783528 +0530,
28,0.5,3.5,37.853882499970496,,,,,,,,,,37.83744687505532,37.853882499970496,38.35389970836695,38.33714612503536,38.33714612503536,38.63721125002485,38.92067383334506,left,-3.5,1,1,0.567068541655317,,,,,sc1,001,2026-09-09_01h17.37.730,staircase task,,2026.2.3,59.76122402705075,2026-09-09 01h17.37.783528 +0530,
29,0.5,3.0,38.93716429162305,,,,,,,,,,38.92070220829919,38.93716429162305,39.43730075005442,39.42069179168902,39.42069179168902,39.72065445838962,40.10403862502426,right,3.0,1,1,0.6705209166975692,,,,,sc1,001,2026-09-09_01h17.37.730,staircase task,,2026.2.3,59.76122402705075,2026-09-09 01h17.37.783528 +0530,
30,0.5,3.0,40.12067833333276,,,,,,,,,,40.10406162496656,40.12067833333276,40.620618500048295,40.60400095838122,40.60400095838122,40.903896374977194,41.120700333383866,right,3.0,1,1,0.5021870832424611,,,,,sc1,001,2026-09-09_01h17.37.730,staircase task,,2026.2.3,59.76122402705075,2026-09-09 01h17.37.783528 +0530,
31,0.5,3.0,41.137185041676275,,,,,,,,,,41.120723666623235,41.137185041676275,41.63622112502344,41.62056104163639,41.62056104163639,41.920433708350174,42.27007012499962,right,3.0,1,1,0.6335602083709091,,,,,sc1,001,2026-09-09_01h17.37.730,staircase task,,2026.2.3,59.76122402705075,2026-09-09 01h17.37.783528 +0530,
32,0.5,2.5,42.2872832500143,,,,,,,,,,42.27012654161081,42.2872832500143,42.787178208353,42.770567708299495,42.770567708299495,43.070679250056855,43.35402937501203,left,-2.5,1,1,0.582562250085175,,,,,sc1,001,2026-09-09_01h17.37.730,staircase task,,2026.2.3,59.76122402705075,2026-09-09 01h17.37.783528 +0530,
33,0.5,2.5,43.369970125029795,,,,,,,,,,43.354059791658074,43.369970125029795,43.87058808328584,43.85393300000578,43.85393300000578,44.15388258337043,44.32064820837695,left,-2.5,1,1,0.4601857082452625,,,,,sc1,001,2026-09-09_01h17.37.730,staircase task,,2026.2.3,59.76122402705075,2026-09-09 01h17.37.783528 +0530,
34,0.5,2.5,44.3366192500107,,,,,,,,,,44.320671375025995,44.3366192500107,44.8371917916229,44.820674708345905,44.820674708345905,45.12055574997794,45.43726958334446,left,-2.5,1,1,0.605419791652821,,,,,sc1,001,2026-09-09_01h17.37.730,staircase task,,2026.2.3,59.76122402705075,2026-09-09 01h17.37.783528 +0530,
35,0.5,2.0,45.45384249999188,,,,,,,,,,45.437295375042595,45.45384249999188,45.95321987499483,45.936588833341375,45.936588833341375,46.23734041664284,46.35400875005871,left,-2.0,1,1,0.4144889583112672,,,,,sc1,001,2026-09-09_01h17.37.730,staircase task,,2026.2.3,59.76122402705075,2026-09-09 01h17.37.783528 +0530,
36,0.5,2.0,46.36952025000937,,,,,,,,,,46.354037541663274,46.36952025000937,46.870648583280854,46.853837791713886,46.853837791713886,47.152952166623436,47.22080283332616,right,2.0,0,0,0.36221820837818086,,,,,sc1,001,2026-09-09_01h17.37.730,staircase task,,2026.2.3,59.76122402705075,2026-09-09 01h17.37.783528 +0530,
37,0.5,2.5,47.23724112496711,,,,,,,,,,47.22082675003912,47.23724112496711,47.737166583305225,47.720585916657,47.720585916657,48.020499333390035,48.33731845836155,left,-2.5,1,1,0.601048166747205,,,,,sc1,001,2026-09-09_01h17.37.730,staircase task,,2026.2.3,59.76122402705075,2026-09-09 01h17.37.783528 +0530,
38,0.5,2.5,48.35377537505701,,,,,,,,,,48.3373400416458,48.35377537505701,48.853762791724876,48.83714983332902,48.83714983332902,49.13712062500417,49.403975749970414,right,2.5,1,1,0.5618589166551828,,,,,sc1,001,2026-09-09_01h17.37.730,staircase task,,2026.2.3,59.76122402705075,2026-09-09 01h17.37.783528 +0530,
39,0.5,2.5,49.42044508329127,,,,,,,,,,49.40399637504015,49.42044508329127,49.92061245837249,49.90394433331676,49.90394433331676,50.203896166640334,50.43735520832706,right,2.5,1,1,0.5300151249393821,,,,,sc1,001,2026-09-09_01h17.37.730,staircase task,,2026.2.3,59.76122402705075,2026-09-09 01h17.37.783528 +0530,
40,0.5,2.0,50.45388533337973,,,,,,,,,,50.43738004169427,50.45388533337973,50.95389154169243,50.93727691669483,50.93727691669483,51.23723437497392,51.436378750018775,left,-2.0,1,1,0.4866597499931231,,,,,sc1,001,2026-09-09_01h17.37.730,staircase task,,2026.2.3,59.76122402705075,2026-09-09 01h17.37.783528 +0530,
41,0.5,2.0,51.45387966663111,,,,,,,,,,51.436398999998346,51.45387966663111,51.95374470832758,51.93655262503307,51.93655262503307,52.23647087498102,52.5375145416474,right,2.0,1,1,0.5883740416029468,,,,,sc1,001,2026-09-09_01h17.37.730,staircase task,,2026.2.3,59.76122402705075,2026-09-09 01h17.37.783528 +0530,
42,0.5,2.0,52.55382541671861,,,,,,,,,,52.53755512495991,52.55382541671861,53.05379345838446,53.037133666686714,53.037133666686714,53.33731979166623,53.520760874962434,right,2.0,0,0,0.4807706249412149,,,,,sc1,001,2026-09-09_01h17.37.730,staircase task,,2026.2.3,59.76122402705075,2026-09-09 01h17.37.783528 +0530,
43,0.5,2.5,53.53726862499025,,,,,,,,,,53.52079291664995,53.53726862499025,54.03725508332718,54.0204189583892,54.0204189583892,54.320606291643344,54.6868404999841,left,-2.5,1,1,0.6547604165971279,,,,,sc1,001,2026-09-09_01h17.37.730,staircase task,,2026.2.3,59.76122402705075,2026-09-09 01h17.37.783528 +0530,
44,0.5,2.5,54.70379020832479,,,,,,,,,,54.686866124975495,54.70379020832479,55.20375370827969,55.187135666725226,55.187135666725226,55.48641266662162,55.820832500001416,left,-2.5,1,1,0.6267313749995083,,,,,sc1,001,2026-09-09_01h17.37.730,staircase task,,2026.2.3,59.76122402705075,2026-09-09 01h17.37.783528 +0530,
45,0.5,2.5,55.836849791696295,,,,,,,,,,55.82085649995133,55.836849791696295,56.33716316672508,56.320414541638456,56.320414541638456,56.62048825004604,56.95334825001191,right,2.5,1,1,0.6274220832856372,,,,,sc1,001,2026-09-09_01h17.37.730,staircase task,,2026.2.3,59.76122402705075,2026-09-09 01h17.37.783528 +0530,
46,0.5,2.0,56.97050000005402,,,,,,,,,,56.95337345835287,56.97050000005402,57.47064720839262,57.45384416671004,57.45384416671004,57.75395816669334,58.63729212502949,right,2.0,1,1,1.1749550416134298,,,,,sc1,001,2026-09-09_01h17.37.730,staircase task,,2026.2.3,59.76122402705075,2026-09-09 01h17.37.783528 +0530,
47,0.5,2.0,58.65391637501307,,,,,,,,,,58.637314791674726,58.65391637501307,59.15385241666809,59.137218583375216,59.137218583375216,59.437148833298124,59.77070479164831,right,2.0,0,0,0.6235462499316782,,,,,sc1,001,2026-09-09_01h17.37.730,staircase task,,2026.2.3,59.76122402705075,2026-09-09 01h17.37.783528 +0530,
48,0.5,2.5,59.78714795829728,,,,,,,,,,59.770729874959216,59.78714795829728,60.28711516666226,60.2704774166923,60.2704774166923,60.57064199994784,60.920746041694656,left,-2.5,1,1,0.6422726250020787,,,,,sc1,001,2026-09-09_01h17.37.730,staircase task,,2026.2.3,59.76122402705075,2026-09-09 01h17.37.783528 +0530,
49,0.5,2.5,60.93723499996122,,,,,,,,,,60.92076675000135,60.93723499996122,61.437140249996446,61.42054845835082,61.42054845835082,61.7365959166782,62.00354029168375,right,2.5,1,1,0.5751520416233689,,,,,sc1,001,2026-09-09_01h17.37.730,staircase task,,2026.2.3,59.76122402705075,2026-09-09 01h17.37.783528 +0530,
50,0.5,2.5,62.01928612496704,,,,,,,,,,62.00359162501991,62.01928612496704,62.52055466664024,62.50374487496447,62.50374487496447,62.803832500008866,63.15414412505925,left,-2.5,1,1,0.637945375056006,,,,,sc1,001,2026-09-09_01h17.37.730,staircase task,,2026.2.3,59.76122402705075,2026-09-09 01h17.37.783528 +0530,
51,0.5,2.0,63.17047775001265,,,,,,,,,,63.154181541642174,63.17047775001265,63.67041441670153,63.653770208358765,63.653770208358765,63.95394287502859,64.15412370837294,right,2.0,1,1,0.4949095416814089,,,,,sc1,001,2026-09-09_01h17.37.730,staircase task,,2026.2.3,59.76122402705075,2026-09-09 01h17.37.783528 +0530,
52,0.5,2.0,64.17056516662706,,,,,,,,,,64.15415112499613,64.17056516662706,64.67052549996879,64.65388904162683,64.65388904162683,64.95381679164711,65.22067674994469,left,-2.0,1,1,0.5617680832510814,,,,,sc1,001,2026-09-09_01h17.37.730,staircase task,,2026.2.3,59.76122402705075,2026-09-09 01h17.37.783528 +0530,
53,0.5,2.0,65.23709612502716,,,,,,,,,,65.22070379171055,65.23709612502716,65.73708358337171,65.72045949997846,65.72045949997846,66.02038433332928,66.1696486666333,right,2.0,1,1,0.44416279171127826,,,,,sc1,001,2026-09-09_01h17.37.730,staircase task,,2026.2.3,59.76122402705075,2026-09-09 01h17.37.783528 +0530,
54,0.5,1.5,66.18715016671922,,,,,,,,,,66.16968837496825,66.18715016671922,66.68708670837805,66.67046429170296,66.67046429170296,66.97043512505479,67.0038480416406,right,1.5,0,0,0.3181493749143556,,,,,sc1,001,2026-09-09_01h17.37.730,staircase task,,2026.2.3,59.76122402705075,2026-09-09 01h17.37.783528 +0530,
55,0.5,2.0,67.02045420836657,,,,,,,,,,67.0038801250048,67.02045420836657,67.52059891668614,67.50376958330162,67.50376958330162,67.80391429166775,68.33732729172334,left,-2.0,1,1,0.8198087917407975,,,,,sc1,001,2026-09-09_01h17.37.730,staircase task,,2026.2.3,59.76122402705075,2026-09-09 01h17.37.783528 +0530,
56,0.5,2.0,68.3537365833763,,,,,,,,,,68.33736054168548,68.3537365833763,68.85389058338478,68.83707095833961,68.83707095833961,69.1371872916352,69.3202747083269,left,-2.0,1,1,0.477489750017412,,,,,sc1,001,2026-09-09_01h17.37.730,staircase task,,2026.2.3,59.76122402705075,2026-09-09 01h17.37.783528 +0530,
57,0.5,2.0,69.33717429172248,,,,,,,,,,69.32029966672417,69.33717429172248,69.83711579162627,69.82052850001492,69.82052850001492,70.120459333295,70.43658887501806,left,-2.0,1,1,0.5999814999522641,,,,,sc1,001,2026-09-09_01h17.37.730,staircase task,,2026.2.3,59.76122402705075,2026-09-09 01h17.37.783528 +0530,
58,0.5,1.5,70.45386825001333,,,,,,,,,,70.43662149994634,70.45386825001333,70.95380066661164,70.93718504172284,70.93718504172284,71.2364688749658,71.63728137500584,left,-1.5,1,1,0.6893249166896567,,,,,sc1,001,2026-09-09_01h17.37.730,staircase task,,2026.2.3,59.76122402705075,2026-09-09 01h17.37.783528 +0530,
59,0.5,1.5,71.653735958389,,,,,,,,,,71.63730704167392,71.653735958389,72.15315808332525,72.13648941670544,72.13648941670544,72.43718158337288,72.62068816670217,left,-1.5,1,1,0.47298516670707613,,,,,sc1,001,2026-09-09_01h17.37.730,staircase task,,2026.2.3,59.76122402705075,2026-09-09 01h17.37.783528 +0530,
60,0.5,1.5,72.63720600004308,,,,,,,,,,72.62072654161602,72.63720600004308,73.13719087501522,73.12054583337158,73.12054583337158,73.42042295832653,73.68728366668802,left,-1.5,1,1,0.5519064166583121,,,,,sc1,001,2026-09-09_01h17.37.730,staircase task,,2026.2.3,59.76122402705075,2026-09-09 01h17.37.783528 +0530,
61,0.5,1.0,73.703780083335,,,,,,,,,,73.68731266667601,73.703780083335,74.20369437499903,74.18712958332617,74.18712958332617,74.48721670836676,74.58736466662958,right,1.0,0,0,0.39231312496121973,,,,,sc1,001,2026-09-09_01h17.37.730,staircase task,,2026.2.3,59.76122402705075,2026-09-09 01h17.37.783528 +0530,
62,0.5,1.5,74.60378137498628,,,,,,,,,,74.5873933333205,74.60378137498628,75.1039078750182,75.0870732916519,75.0870732916519,75.38722741662059,75.93681212502997,left,-1.5,1,1,0.8443234167061746,,,,,sc1,001,2026-09-09_01h17.37.730,staircase task,,2026.2.3,59.76122402705075,2026-09-09 01h17.37.783528 +0530,
63,0.5,1.5,75.95381770830136,,,,,,,,,,75.93683820834849,75.95381770830136,76.45376358332578,76.43713004165329,76.43713004165329,76.73706179170404,77.22062004171312,right,1.5,1,1,0.7752521249931306,,,,,sc1,001,2026-09-09_01h17.37.730,staircase task,,2026.2.3,59.76122402705075,2026-09-09 01h17.37.783528 +0530,
64,0.5,1.5,77.23702858330216,,,,,,,,,,77.22064904170111,77.23702858330216,77.73699741670862,77.7203626249684,77.7203626249684,78.02054562501144,78.32077141664922,left,-1.5,1,1,0.5919945416972041,,,,,sc1,001,2026-09-09_01h17.37.730,staircase task,,2026.2.3,59.76122402705075,2026-09-09 01h17.37.783528 +0530,
65,0.5,1.0,78.3372484582942,,,,,,,,,,78.32079845829867,78.3372484582942,78.8369904999854,78.8369904999854,78.8369904999854,79.13710533338599,79.26982675003819,left,-1.0,1,1,0.4183667916804552,,,,,sc1,001,2026-09-09_01h17.37.730,staircase task,,2026.2.3,59.76122402705075,2026-09-09 01h17.37.783528 +0530,
66,0.5,1.0,79.2870839999523,,,,,,,,,,79.26986970833968,79.2870839999523,79.7870061249705,79.77040804165881,79.77040804165881,80.07035020831972,80.40385241666809,left,-1.0,1,1,0.6298758332850412,,,,,sc1,001,2026-09-09_01h17.37.730,staircase task,,2026.2.3,59.76122402705075,2026-09-09 01h17.37.783528 +0530,
67,0.5,1.0,80.42042500001844,,,,,,,,,,80.40388220828027,80.42042500001844,80.91981500003021,80.90309445827734,80.90309445827734,81.20374379167333,81.55397787503898,right,1.0,0,0,0.643179833306931,,,,,sc1,001,2026-09-09_01h17.37.730,staircase task,,2026.2.3,59.76122402705075,2026-09-09 01h17.37.783528 +0530,
68,0.5,1.5,81.57059741672128,,,,,,,,,,81.5540202499833,81.57059741672128,82.06928841664921,82.05325704161078,82.05325704161078,82.35287716670427,82.58734408335295,right,1.5,0,0,0.5179787083761767,,,,,sc1,001,2026-09-09_01h17.37.730,staircase task,,2026.2.3,59.76122402705075,2026-09-09 01h17.37.783528 +0530,
69,0.5,2.0,82.60375216661487,,,,,,,,,,82.58738816669211,82.60375216661487,83.10381745838095,83.08702674997039,83.08702674997039,83.38701804168522,83.90341545839328,right,2.0,0,0,0.8072010834002867,,,,,sc1,001,2026-09-09_01h17.37.730,staircase task,,2026.2.3,59.76122402705075,2026-09-09 01h17.37.783528 +0530,
70,0.5,2.5,83.92035616666544,,,,,,,,,,83.9034443750279,83.92035616666544,84.42032504163217,84.40368374995887,84.40368374995887,84.70360037498176,85.00395837496035,right,2.5,0,0,0.5987100416095927,,,,,sc1,001,2026-09-09_01h17.37.730,staircase task,,2026.2.3,59.76122402705075,2026-09-09 01h17.37.783528 +0530,
71,0.5,3.0,85.01991583337076,,,,,,,,,,85.00398554163985,85.01991583337076,85.52055074996315,85.50384212494828,85.50384212494828,85.8038073333446,85.95404650003184,left,-3.0,1,1,0.4484507916495204,,,,,sc1,001,2026-09-09_01h17.37.730,staircase task,,2026.2.3,59.76122402705075,2026-09-09 01h17.37.783528 +0530,
72,0.5,3.0,85.96978070831392,,,,,,,,,,85.95408237504307,85.96978070831392,86.47035175003111,86.45278024999425,86.45278024999425,86.75382058334071,86.93721574998926,right,3.0,0,0,0.4693847915623337,,,,,sc1,001,2026-09-09_01h17.37.730,staircase task,,2026.2.3,59.76122402705075,2026-09-09 01h17.37.783528 +0530,
73,0.5,3.5,86.95367312501185,,,,,,,,,,86.9372454166878,86.95367312501185,87.45379924995359,87.43701783334836,87.43701783334836,87.7371071666712,88.05390683328733,right,3.5,0,0,0.6081173333805054,,,,,sc1,001,2026-09-09_01h17.37.730,staircase task,,2026.2.3,59.76122402705075,2026-09-09 01h17.37.783528 +0530,
74,0.5,4.0,88.07030287501402,,,,,,,,,,88.05393058329355,88.07030287501402,88.57046791666653,88.55356883339118,88.55356883339118,88.85372566664591,89.00398354162462,left,-4.0,1,1,0.436525541706942,,,,,sc1,001,2026-09-09_01h17.37.730,staircase task,,2026.2.3,59.76122402705075,2026-09-09 01h17.37.783528 +0530,
75,0.5,4.0,89.02052358328365,,,,,,,,,,89.00400362501387,89.02052358328365,89.52046279166825,89.50386449997313,89.50386449997313,89.8038094167132,89.987279208377,left,-4.0,1,1,0.48139991669449955,,,,,sc1,001,2026-09-09_01h17.37.730,staircase task,,2026.2.3,59.76122402705075,2026-09-09 01h17.37.783528 +0530,
76,0.5,4.0,90.00318445835728,,,,,,,,,,89.98730445827823,90.00318445835728,90.50373191665858,90.48711374995764,90.48711374995764,90.787053750013,90.88713716669008,left,-4.0,1,1,0.3929337083827704,,,,,sc1,001,2026-09-09_01h17.37.730,staircase task,,2026.2.3,59.76122402705075,2026-09-09 01h17.37.783528 +0530,
77,0.5,3.5,90.90376308339182,,,,,,,,,,90.88715966662858,90.90376308339182,91.40371720830444,91.38708274997771,91.38708274997771,91.68703829171136,91.77050604170654,right,3.5,0,0,0.382107250043191,,,,,sc1,001,2026-09-09_01h17.37.730,staircase task,,2026.2.3,59.76122402705075,2026-09-09 01h17.37.783528 +0530,
78,0.5,4.0,91.7863096666988,,,,,,,,,,91.77052754163742,91.7863096666988,92.28649624995887,92.27049899997655,92.27049899997655,92.57045949995518,93.00307045830414,left,-4.0,1,1,0.7275140417041257,,,,,sc1,001,2026-09-09_01h17.37.730,staircase task,,2026.2.3,59.76122402705075,2026-09-09 01h17.37.783528 +0530,
79,0.5,4.0,93.02048370835837,,,,,,,,,,93.0031184166437,93.02048370835837,93.52042629162315,93.50365729164332,93.50365729164332,93.80373287503608,94.18718445836566,right,4.0,1,1,0.6703332083998248,,,,,sc1,001,2026-09-09_01h17.37.730,staircase task,,2026.2.3,59.76122402705075,2026-09-09 01h17.37.783528 +0530,
80,0.5,4.0,94.20377783337608,,,,,,,,,,94.1872151249554,94.20377783337608,94.70369379164185,94.6870704999892,94.6870704999892,94.98707749997266,95.28616791672539,right,4.0,1,1,0.5958696249872446,,,,,sc1,001,2026-09-09_01h17.37.730,staircase task,,2026.2.3,59.76122402705075,2026-09-09 01h17.37.783528 +0530,
81,0.5,3.5,95.30278758332133,,,,,,,,,,95.28619641670957,95.30278758332133,95.80378795834258,95.78715854161419,95.78715854161419,96.08724729169626,96.38717387500219,left,-3.5,1,1,0.5951655000681058,,,,,sc1,001,2026-09-09_01h17.37.730,staircase task,,2026.2.3,59.76122402705075,2026-09-09 01h17.37.783528 +0530,
82,0.5,3.5,96.40381533338223,,,,,,,,,,96.3872054166859,96.40381533338223,96.9037354583852,96.88709691667464,96.88709691667464,97.18706195836421,97.42014770838432,right,3.5,1,1,0.5198227083310485,,,,,sc1,001,2026-09-09_01h17.37.730,staircase task,,2026.2.3,59.76122402705075,2026-09-09 01h17.37.783528 +0530,
83,0.5,3.5,97.43712416663766,,,,,,,,,,97.42017633328214,97.43712416663766,97.93707474996336,97.920481499983,97.920481499983,98.22034887503833,98.35385937499814,left,-3.5,1,1,0.4293928333790973,,,,,sc1,001,2026-09-09_01h17.37.730,staircase task,,2026.2.3,59.76122402705075,2026-09-09 01h17.37.783528 +0530,
84,0.5,3.0,98.37033279170282,,,,,,,,,,98.35388408333529,98.37033279170282,98.86977670830674,98.85367558337748,98.85367558337748,99.15321070828941,99.3205890833633,right,3.0,1,1,0.45718387502711266,,,,,sc1,001,2026-09-09_01h17.37.730,staircase task,,2026.2.3,59.76122402705075,2026-09-09 01h17.37.783528 +0530,
85,0.5,3.0,99.33715458330698,,,,,,,,,,99.32061233336572,99.33715458330698,99.83712191670202,99.82037333329208,99.82037333329208,100.12043966667261,100.28725362499245,right,3.0,0,0,0.46047316666226834,,,,,sc1,001,2026-09-09_01h17.37.730,staircase task,,2026.2.3,59.76122402705075,2026-09-09 01h17.37.783528 +0530,
86,0.5,3.5,100.30369037494529,,,,,,,,,,100.28727612504736,100.30369037494529,100.80322791670915,100.78697029163595,100.78697029163595,101.08668745832983,101.08685916662216,left,-3.5,0,0,0.29387591674458236,,,,,sc1,001,2026-09-09_01h17.37.730,staircase task,,2026.2.3,59.76122402705075,2026-09-09 01h17.37.783528 +0530,
87,0.5,4.0,101.10375174996443,,,,,,,,,,101.0868797916919,101.10375174996443,101.60369458328933,101.58705733332317,101.58705733332317,101.88696849998087,102.23599933332298,left,-4.0,1,1,0.6467511666705832,,,,,sc1,001,2026-09-09_01h17.37.730,staircase task,,2026.2.3,59.76122402705075,2026-09-09 01h17.37.783528 +0530,
88,0.5,4.0,102.25303812499624,,,,,,,,,,102.23604341666214,102.25303812499624,102.75378274999093,102.7371415833477,102.7371415833477,103.03712045832071,103.17067050002515,left,-4.0,1,1,0.41763429169077426,,,,,sc1,001,2026-09-09_01h17.37.730,staircase task,,2026.2.3,59.76122402705075,2026-09-09 01h17.37.783528 +0530,
89,0.5,4.0,103.1870521249948,,,,,,,,,,103.1707068750402,103.1870521249948,103.68716637499165,103.66973512503318,103.66973512503318,103.97047583328094,104.15387845830992,left,-4.0,1,1,0.46800954174250364,,,,,sc1,001,2026-09-09_01h17.37.730,staircase task,,2026.2.3,59.76122402705075,2026-09-09 01h17.37.783528 +0530,
90,0.5,3.5,104.17033212503884,,,,,,,,,,104.15390733338427,104.17033212503884,104.67042700003367,104.65362879168242,104.65362879168242,104.95372204168234,105.07046520838048,left,-3.5,1,1,0.4021148333558813,,,,,sc1,001,2026-09-09_01h17.37.730,staircase task,,2026.2.3,59.76122402705075,2026-09-09 01h17.37.783528 +0530,
91,0.5,3.5,105.08708479162306,,,,,,,,,,105.0704920416465,105.08708479162306,105.58703145838808,105.57041920837946,105.57041920837946,105.87037224997766,105.92037874995731,left,-3.5,1,1,0.3372844166588038,,,,,sc1,001,2026-09-09_01h17.37.730,staircase task,,2026.2.3,59.76122402705075,2026-09-09 01h17.37.783528 +0530,
92,0.5,3.5,105.9366063750349,,,,,,,,,,105.92040054162499,105.9366063750349,106.43717754166573,106.42036433331668,106.42036433331668,106.72049645835068,106.75390524999239,left,-3.5,1,1,0.3253364583943039,,,,,sc1,001,2026-09-09_01h17.37.730,staircase task,,2026.2.3,59.76122402705075,2026-09-09 01h17.37.783528 +0530,
93,0.5,3.0,106.77030508336611,,,,,,,,,,106.75393170828465,106.77030508336611,107.27030850003939,107.25367537501734,107.25367537501734,107.55352870828938,107.53674479166511,left,-3.0,1,1,0.26900249999016523,,,,,sc1,001,2026-09-09_01h17.37.730,staircase task,,2026.2.3,59.76122402705075,2026-09-09 01h17.37.783528 +0530,
94,0.5,3.0,107.55352870828938,,,,,,,,,,107.53676575003192,107.55352870828938,108.05375637498219,108.03695058333687,108.03695058333687,108.33705624996219,108.60385691665579,right,3.0,0,0,0.564897625008598,,,,,sc1,001,2026-09-09_01h17.37.730,staircase task,,2026.2.3,59.76122402705075,2026-09-09 01h17.37.783528 +0530,
95,0.5,3.5,108.61972370836884,,,,,,,,,,108.60388179169968,108.61972370836884,109.1203501666896,109.1036494167056,109.1036494167056,109.40357829164714,109.78723262494896,left,-3.5,1,1,0.6699816666077822,,,,,sc1,001,2026-09-09_01h17.37.730,staircase task,,2026.2.3,59.76122402705075,2026-09-09 01h17.37.783528 +0530,
96,0.5,3.5,109.80369520839304,,,,,,,,,,109.78725387505256,109.80369520839304,110.3037788750371,110.28697616665158,110.28697616665158,110.58711041661445,110.90380008332431,right,3.5,1,1,0.6166147083276883,,,,,sc1,001,2026-09-09_01h17.37.730,staircase task,,2026.2.3,59.76122402705075,2026-09-09 01h17.37.783528 +0530,
97,0.5,3.5,110.91964291664772,,,,,,,,,,110.90381941664964,110.91964291664772,111.41974612500053,111.40360704169143,111.40360704169143,111.70374291669577,111.93650891666766,left,-3.5,1,1,0.5269610832910985,,,,,sc1,001,2026-09-09_01h17.37.730,staircase task,,2026.2.3,59.76122402705075,2026-09-09 01h17.37.783528 +0530,
98,0.5,3.0,111.95266433327924,,,,,,,,,,111.93653499998618,111.95266433327924,112.45244808332063,112.43638845835812,112.43638845835812,112.73584937502164,112.9706040417077,left,-3.0,1,1,0.5181694999337196,,,,,sc1,001,2026-09-09_01h17.37.730,staircase task,,2026.2.3,59.76122402705075,2026-09-09 01h17.37.783528 +0530,
99,0.5,3.0,112.98694587498903,,,,,,,,,,112.97064483328722,112.98694587498903,113.48716945829801,113.4704327499494,113.4704327499494,113.77035408338998,114.13718320836779,left,-3.0,1,1,0.6581030417000875,,,,,sc1,001,2026-09-09_01h17.37.730,staircase task,,2026.2.3,59.76122402705075,2026-09-09 01h17.37.783528 +0530,
,,,,,,,,,,,,,,,,,,,,,,,,,114.13720862497576,114.15370291669387,117.15335200005211,117.13710741663817,sc1,001,2026-09-09_01h17.37.730,staircase task,,2026.2.3,59.76122402705075,2026-09-09 01h17.37.783528 +0530,
